AgodaCountryID,ACTCountryID,AgodaISO2,ACTISO2,AgodaISO3,ACTISO3,AgodaLatitude,AgodaLongtitude,AgodaNameEN,ACTNameEn
,2,,AX,,ALA,,,,Ã…land Islands
288,1,AF,AF,AFG,AFG,33.65120697,66.18164063,Afghanistan,Afghanistan
53,3,AL,AL,ALB,ALB,40.98819351,20.21484375,Albania,Albania
143,4,DZ,DZ,DZA,DZA,27.83907509,3.251952887,Algeria,Algeria
289,5,AS,AS,ASM,ASM,-14.29898453,-170.717926,American Samoa,American Samoa
189,6,AD,AD,AND,AND,42.50652695,1.547698975,Andorra,Andorra
290,7,AO,AO,AGO,AGO,-12.5,18.5,Angola,Angola
150,8,AI,AI,AIA,AIA,18.22087288,-63.04229736,Anguilla,Anguilla
,9,,AQ,,ATA,,,,Antarctica
50,10,AG,AG,ATG,ATG,17.35435104,-61.26716232,Antigua & Barbuda,Antigua and Barbuda
5,11,AR,AR,ARG,ARG,-31.20340538,-63.80859375,Argentina,Argentina
246,12,AM,AM,ARM,ARM,40.37165833,44.58526611,Armenia,Armenia
66,13,AW,AW,ABW,ABW,12.5,-69.96669769,Aruba,Aruba
139,14,AU,AU,AUS,AUS,-23.31156921,136.3261108,Australia,Australia
130,15,AT,AT,AUT,AUT,47.33330154,13.33329964,Austria,Austria
135,16,AZ,AZ,AZE,AZE,40.5,47.5,Azerbaijan,Azerbaijan
60,17,BS,BS,BHS,BHS,24.83463287,-78.02972412,Bahamas,Bahamas
202,18,BH,BH,BHR,BHR,26,50.54999924,Bahrain,Bahrain
117,19,BD,BD,BGD,BGD,24.51214218,90.184021,Bangladesh,Bangladesh
94,20,BB,BB,BRB,BRB,13.16670036,-59.53329849,Barbados,Barbados
21,21,BY,BY,BLR,BLR,53,28,Belarus,Belarus
118,22,BE,BE,BEL,BEL,50.47149277,4.713134766,Belgium,Belgium
88,23,BZ,BZ,BLZ,BLZ,17.25,-88.75,Belize,Belize
231,24,BJ,BJ,BEN,BEN,9.5,2.25,Benin,Benin
6,25,BM,BM,BMU,BMU,32.30802536,-64.75479126,Bermuda,Bermuda
291,26,BT,BT,BTN,BTN,27.39127731,90.08789063,Bhutan,Bhutan
15,27,BO,BO,BOL,BOL,-17.30868721,-64.37988281,Bolivia,Bolivia
103,28,BA,BA,BIH,BIH,44.92132187,17.93682861,Bosnia Herzegovina,Bosnia and Herzegovina
206,29,BW,BW,BWA,BWA,-22,24,Botswana,Botswana
,30,,BV,,BVT,,,,Bouvet Island
207,31,BR,BR,BRA,BRA,-5.729453087,-55.75531006,Brazil,Brazil
,32,,IO,,IOT,,,,British Indian Ocean Territory
77,235,VG,VG,VGB,VGB,18.5,-64.5,British Virgin Islands,British Virgin Islands
63,33,BN,BN,BRN,BRN,4.494285107,114.6478271,Brunei Darussalam,Brunei Darussalam
126,34,BG,BG,BGR,BGR,43.00803375,25.40924072,Bulgaria,Bulgaria
237,35,BF,BF,BFA,BFA,13,-2,Burkina Faso,Burkina Faso
229,36,BI,BI,BDI,BDI,-3.192908049,29.93133545,Burundi,Burundi
163,37,KH,KH,KHM,KHM,13.1115799,104.9853516,Cambodia,Cambodia
36,38,CM,CM,CMR,CMR,6,12,Cameroon,Cameroon
100,39,CA,CA,CAN,CAN,58.90464783,-106.3476563,Canada,Canada
292,40,CV,CV,CPV,CPV,16,-24,Cape Verde,Cape Verde
344,242,BQ,BQ,BES,BQ-,17.63333321,-63.23333359,"Bonaire, Sint Eustatius and Saba",Caribbean Netherlands
142,41,KY,KY,CYM,CYM,19.31348228,-81.24501038,Cayman Islands,Cayman Islands
,42,,CF,,CAF,,,,Central African Republic
236,43,TD,TD,TCD,TCD,15,19,Chad,Chad
69,44,CL,CL,CHL,CHL,-23.88820267,-69.20648193,Chile,Chile
191,45,CN,CN,CHN,CHN,35.28150177,104.0185547,China,China
,46,,CX,,CXR,,,,Christmas Island
321,47,CC,CC,CCK,CCK,-12.5,96.83329773,Cocos (Keeling) Islands,Cocos (Keeling) Islands
10,48,CO,CO,COL,COL,4.202725887,-72.94207764,Colombia,Colombia
294,49,KM,KM,COM,COM,-11.62129974,43.33145142,Comoros,Comoros
225,52,CK,CK,COK,COK,-21.2394619,-159.7769165,Cook Islands,Cook Islands
40,53,CR,CR,CRI,CRI,10,-84,Costa Rica,Costa Rica
165,54,CI,CI,CIV,CIV,6.489983082,-5.273437977,Cote D'ivoire,Cote D'ivoire (Ivory Coast)
128,55,HR,HR,HRV,HRV,45.02695084,14.98535156,Croatia,Croatia
,56,,CU,,CUB,,,,Cuba
342,244,CW,CW,CUW,CW-,12.1833334,-69,Curacao,Curacao
24,57,CY,CY,CYP,CYP,35,33,Cyprus,Cyprus
13,58,CZ,CZ,CZE,CZE,49.75,15.5,Czech Republic,Czech Republic
337,51,CD,CD,COD,COD,-2.880000114,23.65600014,Democratic Republic of theÂ Congo,Democratic Republic of the Congo
158,59,DK,DK,DNK,DNK,56,10,Denmark,Denmark
244,60,DJ,DJ,DJI,DJI,11.91417408,42.64569092,Djibouti,Djibouti
341,61,DM,DM,DMA,DMA,15.43647194,-61.36550903,Dominica,Dominica
134,62,DO,DO,DOM,DOM,19,-70.66670227,Dominican Republic,Dominican Republic
52,63,EC,EC,ECU,ECU,-1.017076015,-78.43109131,Ecuador,Ecuador
16,64,EG,EG,EGY,EGY,27,30,Egypt,Egypt
80,65,SV,SV,SLV,SLV,13.83329964,-88.91670227,El Salvador,El Salvador
295,66,GQ,GQ,GNQ,GNQ,1.548884034,10.37658691,Equatorial Guinea,Equatorial Guinea
242,67,ER,ER,ERI,ERI,15,39,Eritrea,Eritrea
99,68,EE,EE,EST,EST,59,26,Estonia,Estonia
18,205,SZ,SZ,SWZ,SWZ,-26.5,31.5,Eswatini,Eswatini (Swaziland)
240,69,ET,ET,ETH,ETH,9.671753883,40.05718994,Ethiopia,Ethiopia
200,70,FO,FO,FRO,FRO,62.14497757,-6.943358898,Faroe Islands,Faeroe Islands
322,71,FK,FK,FLK,FLK,-51.75,-59,Falkland Islands,Falkland Islands
218,140,FM,FM,FSM,FSM,6.916699886,158.25,Federated States of Micronesia,Federated States of Micronesia
109,72,FJ,FJ,FJI,FJI,-17.6286869,177.9800415,Fiji,Fiji
28,73,FI,FI,FIN,FIN,62.75970078,26.95306396,Finland,Finland
153,74,FR,FR,FRA,FRA,47.02520752,2.757567883,France,France
113,75,GF,GF,GUF,GUF,4.865315914,-52.94232178,French Guiana,French Guiana
14,76,PF,PF,PYF,PYF,-15.81339645,-144.4702148,French Polynesia,French Polynesia
,77,,TF,,ATF,,,,French Southern Territories
234,78,GA,GA,GAB,GAB,-1,11.75,Gabon,Gabon
286,79,GM,GM,GMB,GMB,13.4666996,-16.56669998,Gambia,"Gambia, The"
71,80,GE,GE,GEO,GEO,42.35010147,43.59613037,Georgia,Georgia
101,81,DE,DE,DEU,DEU,50.62507248,10.546875,Germany,Germany
151,82,GH,GH,GHA,GHA,5.747173786,-1.494140983,Ghana,Ghana
4,83,GI,GI,GIB,GIB,36.1362114,-5.347939014,Gibraltar,Gibraltar
197,85,GR,GR,GRC,GRC,39.76845932,22.7333374,Greece,Greece
26,86,GL,GL,GRL,GRL,75.59501648,-40.04669189,Greenland,Greenland
184,87,GD,GD,GRD,GRD,12.11670017,-61.66669846,Grenada,Grenada
89,88,GP,GP,GLP,GLP,16.25,-61.58330154,Guadeloupe,Guadeloupe
208,89,GU,GU,GUM,GUM,13.4666996,144.7832947,Guam,Guam
41,90,GT,GT,GTM,GTM,15.5,-90.25,Guatemala,Guatemala
406,248,GG,GG,GGY,GGY,49.4548111,-2.590553045,Guernsey,Guernsey
58,91,GN,GN,GIN,GIN,10.57422161,-10.67871094,Guinea,Guinea
296,92,GW,GW,GNB,GNB,12,-15,Guinea-Bissau,Guinea-bissau
243,93,GY,GY,GUY,GUY,4.674980164,-58.82080078,Guyana,Guyana
47,94,HT,HT,HTI,HTI,19,-72.41670227,Haiti,Haiti
,95,,HM,,HMD,,,,Heard Island and Mcdonald Islands
39,96,HN,HN,HND,HND,15,-86.5,Honduras,Honduras
132,97,HK,HK,HKG,HKG,22.31704903,114.1891479,Hong Kong,Hong Kong
37,98,HU,HU,HUN,HUN,47,20,Hungary,Hungary
54,99,IS,IS,ISL,ISL,65,-18,Iceland,Iceland
35,100,IN,IN,IND,IND,24.79172134,79.91729736,India,India
192,101,ID,ID,IDN,IDN,-4.390229225,122.5195313,Indonesia,Indonesia
,102,,IR,,IRN,,,,Iran (Islamic Republic of Iran)
,103,,IQ,,IRQ,,,,Iraq
188,104,IE,IE,IRL,IRL,53.15994644,-8.041992188,Ireland,Ireland
405,249,IM,IM,IMN,IMN,54.21328354,-4.543435097,Isle Of Man,Isle Of Man
144,105,IL,IL,ISR,ISR,31.5,34.75,Israel,Israel
205,106,IT,IT,ITA,ITA,43.26120758,12.39257813,Italy,Italy
42,107,JM,JM,JAM,JAM,18.25,-77.5,Jamaica,Jamaica
3,108,JP,JP,JPN,JPN,36.94989014,139.3945313,Japan,Japan
404,250,JE,JE,JEY,JEY,49.21373367,-2.131267071,Jersey,Jersey
152,109,JO,JO,JOR,JOR,31.64755821,36.8706665,Jordan,Jordan
154,110,KZ,KZ,KAZ,KAZ,49.23912048,69.38964844,Kazakhstan,Kazakhstan
176,111,KE,KE,KEN,KEN,1,38,Kenya,Kenya
298,112,KI,KI,KIR,KIR,1.820677042,-157.3764038,Kiribati,Kiribati
402,251,XK,XK,UNK,UNK,42.59999847,20.85000038,Kosovo,Kosovo
43,115,KW,KW,KWT,KWT,29.33749962,47.65810013,Kuwait,Kuwait
156,116,KG,KG,KGZ,KGZ,41.83682632,74.61914063,Kyrgyzstan,Kyrgyzstan
190,117,LA,LA,LAO,LAO,19.97334862,102.7001953,Laos,Laos
145,118,LV,LV,LVA,LVA,57.10754776,26.03546143,Latvia,Latvia
68,119,LB,LB,LBN,LBN,34.27475739,35.95689774,Lebanon,Lebanon
31,120,LS,LS,LSO,LSO,-29.5,28.5,Lesotho,Lesotho
,121,,LR,,LBR,,,,Liberia
,122,,LY,,LBY,,,,Libya
187,123,LI,LI,LIE,LIE,47.21149826,9.552526474,Liechtenstein,Liechtenstein
157,124,LT,LT,LTU,LTU,56,24,Lithuania,Lithuania
7,125,LU,LU,LUX,LUX,49.68606949,6.136487961,Luxembourg,Luxembourg
169,126,MO,MO,MAC,MAC,22.18613243,113.5464478,Macau,Macau
209,128,MG,MG,MDG,MDG,-20,47,Madagascar,Madagascar
87,129,MW,MW,MWI,MWI,-13.5,34,Malawi,Malawi
198,130,MY,MY,MYS,MYS,4.434043884,102.3925781,Malaysia,Malaysia
34,131,MV,MV,MDV,MDV,3.809446096,73.19641113,Maldives,Maldives
204,132,ML,ML,MLI,MLI,17,-4,Mali,Mali
57,133,MT,MT,MLT,MLT,35.88237381,14.46212769,Malta,Malta
300,134,MH,MH,MHL,MHL,7.318881989,168.848877,Marshall Islands,Marshall Islands
83,135,MQ,MQ,MTQ,MTQ,14.66670036,-61,Martinique,Martinique
22,136,MR,MR,MRT,MRT,20.20034599,-10.32714844,Mauritania,Mauritania
9,137,MU,MU,MUS,MUS,-20.2833004,57.54999924,Mauritius,Mauritius
301,138,YT,YT,MYT,MYT,-12.82653141,45.14282227,Mayotte,Mayotte
86,139,MX,MX,MEX,MEX,25.76638985,-103.255188,Mexico,Mexico
141,141,MD,MD,MDA,MDA,47.74401474,28.59625244,Moldova,Moldova
1,142,MC,MC,MCO,MCO,43.73677444,7.427122116,Monaco,Monaco
302,143,MN,MN,MNG,MNG,47.33882141,103.2714844,Mongolia,Mongolia
340,245,ME,ME,MNE,ME-,42.86791229,19.43481445,Montenegro,Montenegro
303,144,MS,MS,MSR,MSR,16.75,-62.20000076,Montserrat,Montserrat
2,145,MA,MA,MAR,MAR,32,-5,Morocco,Morocco
235,146,MZ,MZ,MOZ,MOZ,-16.42005539,35.81573486,Mozambique,Mozambique
203,147,MM,MM,MMR,MMR,21.04349136,96.54785156,Myanmar,Myanmar
85,148,NA,NA,NAM,NAM,-22,17,Namibia,Namibia
,149,,NR,,NRU,,,,Nauru
120,150,NP,NP,NPL,NPL,28.72912979,83.3203125,Nepal,Nepal
149,151,NL,NL,NLD,NLD,52.5,5.75,Netherlands,Netherlands
,152,,AN,,ANT,,,,Netherlands Antilles
44,153,NC,NC,NCL,NCL,-21.5,165.5,New Caledonia,New Caledonia
25,154,NZ,NZ,NZL,NZL,-41,174,New Zealand,New Zealand
92,155,NI,NI,NIC,NIC,13,-85,Nicaragua,Nicaragua
305,156,NE,NE,NER,NER,17.32966423,8.942871094,Niger,Niger
65,157,NG,NG,NGA,NGA,10,8,Nigeria,Nigeria
306,158,NU,NU,NIU,NIU,-19.0333004,-169.8666992,Niue,Niue
230,159,NF,NF,NFK,NFK,-29.0333004,167.9499969,Norfolk Island,Norfolk Island
,113,,KP,,PRK,,,,North Korea
84,127,MK,MK,MKD,MKD,41.66470337,21.88476563,North Macedonia,North Macedonia
32,160,MP,MP,MNP,MNP,15.19999981,145.75,Northern Mariana Islands,Northern Mariana Islands
129,161,NO,NO,NOR,NOR,62,10,Norway,Norway
155,162,OM,OM,OMN,OMN,21,57,Oman,Oman
19,163,PK,PK,PAK,PAK,28.76765823,68.37890625,Pakistan,Pakistan
133,164,PW,PW,PLW,PLW,7.5,134.5,Palau,Palau
401,165,PS,PS,PSE,PSE,31.88333321,35.20000076,Palestinian Territory,Palestinian Territories
175,166,PA,PA,PAN,PAN,9,-80,Panama,Panama
91,167,PG,PG,PNG,PNG,-6,147,Papua New Guinea,Papua New Guinea
111,168,PY,PY,PRY,PRY,-23.92601395,-58.0078125,Paraguay,Paraguay
186,169,PE,PE,PER,PER,-8.090542793,-74.33831787,Peru,Peru
70,170,PH,PH,PHL,PHL,16.2146759,121.0253906,Philippines,Philippines
,171,,PN,,PCN,,,,Pitcairn
182,172,PL,PL,POL,POL,52.77110291,19.13482666,Poland,Poland
213,173,PT,PT,PRT,PRT,40.51379776,-7.470703125,Portugal,Portugal
166,174,PR,PR,PRI,PRI,18.25,-66.5,Puerto Rico,Puerto Rico
105,175,QA,QA,QAT,QAT,25.5,51.25,Qatar,Qatar
285,50,CG,CG,COG,COG,-1.440000057,15.55599976,Republic of Congo,Republic of Congo
239,176,RE,RE,REU,REU,-21.10000038,55.59999847,Reunion Island,Reunion Island
75,177,RO,RO,ROU,ROU,45.73685837,25.75195313,Romania,Romania
33,178,RU,RU,RUS,RUS,64.56819153,94.11132813,Russia,Russia
131,179,RW,RW,RWA,RWA,-2,30,Rwanda,Rwanda
348,243,BL,BL,BLM,BL-,17.89999962,-62.83333206,Saint Barthelemy,Saint Barthelemy
,180,,SH,,SHN,,,,Saint Helena
8,181,KN,KN,KNA,KNA,17.33329964,-62.75,Saint Kitts And Nevis,Saint Kitts and Nevis
195,182,LC,LC,LCA,LCA,13.88329983,-61.13330078,Saint Lucia,Saint Lucia
347,252,MF,MF,MAF,MAF,18.07527924,-63.06000137,Saint Martin (France),Saint Martin
307,183,PM,PM,SPM,SPM,46.92400742,-56.32415771,Saint Pierre and Miquelon,Saint Pierre and Miquelon
287,185,WS,WS,WSM,WSM,-13.58329964,-172.3332977,Samoa,Samoa
241,186,SM,SM,SMR,SMR,43.95087814,12.47300529,San Marino,San Marino
308,187,ST,ST,STP,STP,0.333332986,6.733333111,Sao Tome and Principe,Sao Tome and Principe
74,188,SA,SA,SAU,SAU,25,45,Saudi Arabia,Saudi Arabia
233,189,SN,SN,SEN,SEN,14.60680485,-14.41473389,Senegal,Senegal
339,246,RS,RS,SRB,RS-,44.41024017,20.93719482,Serbia,Serbia
,190,,CS,,SCG,,,,Serbia and Montenegro (formerly Yugoslavia)
115,191,SC,SC,SYC,SYC,-4.629840851,55.47169113,Seychelles,Seychelles
309,192,SL,SL,SLE,SLE,8.570158005,-11.97509766,Sierra Leone,Sierra Leone
114,193,SG,SG,SGP,SGP,1.323734999,103.8482666,Singapore,Singapore
343,247,SX,MF,SXM,MF-,18.03848267,-63.05500031,Sint Maarten (Netherlands),Sint Maarten
125,194,SK,SK,SVK,SVK,48.76455688,19.51922607,Slovakia,Slovakia
27,195,SI,SI,SVN,SVN,46.33856964,14.57977295,Slovenia,Slovenia
323,196,SB,SB,SLB,SLB,-8,159,Solomon Islands,Solomon Islands
,197,,SO,,SOM,,,,Somalia
62,198,ZA,ZA,ZAF,ZAF,-29.82780457,24.56854248,South Africa,South Africa
,199,,GS,,SGS,,,,South Georgia and the South Sandwich Islands
212,114,KR,KR,KOR,KOR,36.77409363,127.8808594,South Korea,South Korea
346,253,SS,SS,SSD,SSD,4.849999905,31.60000038,South Sudan,South Sudan
167,200,ES,ES,ESP,ESP,39.88628769,-3.508362055,Spain,Spain
82,201,LK,LK,LKA,LKA,7.754537106,80.41992188,Sri Lanka,Sri Lanka
137,184,VC,VC,VCT,VCT,13.25,-61.20000076,St. Vincent & Grenadines,St. Vincent & Grenadines
,202,,SD,,SDN,,,,Sudan
312,203,SR,SR,SUR,SUR,3.425692081,-55.63476563,Suriname,Suriname
,204,,SJ,,SJM,,,,Svalbard and Jan Mayen
49,206,SE,SE,SWE,SWE,65.08057404,17.83721924,Sweden,Sweden
51,207,CH,CH,CHE,CHE,46.73233032,8.162841797,Switzerland,Switzerland
,208,,SY,,SYR,,,,Syrian Arab Republic
140,209,TW,TW,TWN,TWN,24.00632668,120.9814453,Taiwan,Taiwan
313,210,TJ,TJ,TJK,TJK,38.54816437,72.421875,Tajikistan,Tajikistan
199,211,TZ,TZ,TZA,TZA,-6,35,Tanzania,Tanzania
106,212,TH,TH,THA,THA,13.64932346,100.7363892,Thailand,Thailand
331,213,TL,TL,TLS,TLS,-8.764023781,125.8969116,Timor-Leste,Timor-Leste
121,214,TG,TG,TGO,TGO,8,1.166700006,Togo,Togo
,215,,TK,,TKL,,,,Tokelau
315,216,TO,TO,TON,TON,-21.15194893,-175.1778412,Tonga,Tonga
95,217,TT,TT,TTO,TTO,10.49269962,-61.26641846,Trinidad & Tobago,Trinidad and Tobago
56,218,TN,TN,TUN,TUN,34,9,Tunisia,Tunisia
45,219,TR,TR,TUR,TUR,39.02771759,35.74951172,Turkey,Turkey
,220,,TM,,TKM,,,,Turkmenistan
48,221,TC,TC,TCA,TCA,21.75,-71.58329773,Turks & Caicos Islands,Turks and Caicos Islands
317,222,TV,TV,TUV,TUV,-8.510402679,179.296875,Tuvalu,Tuvalu
81,236,VI,VI,VIR,VIR,18.33329964,-64.83329773,U.S. Virgin Islands,U.S. Virgin Islands
245,223,UG,UG,UGA,UGA,1.230373979,32.43164063,Uganda,Uganda
79,224,UA,UA,UKR,UKR,49,32,Ukraine,Ukraine
64,225,AE,AE,ARE,ARE,24,54,United Arab Emirates,United Arab Emirates
107,226,GB,GB,GBR,GBR,55.81546021,-2.876159906,United Kingdom,United Kingdom (England)
181,227,US,US,USA,USA,43.71111298,-103.6357422,United States,United States
,228,,UM,,UMI,,,,United States Minor Outlying Islands
110,229,UY,UY,URY,URY,-32.3248291,-55.95880127,Uruguay,Uruguay
172,230,UZ,UZ,UZB,UZB,42.84375,62.13867188,Uzbekistan,Uzbekistan
194,231,VU,VU,VUT,VUT,-15.08444405,166.8544312,Vanuatu,Vanuatu
,232,,VA,,VAT,,,,Vatican City (Holy See)
146,233,VE,VE,VEN,VEN,8,-66,Venezuela,Venezuela
38,234,VN,VN,VNM,VNM,12.94032192,108.3251953,Vietnam,Vietnam
318,237,WF,WF,WLF,WLF,-14.29100132,-178.1021118,Wallis and Futuna,Wallis and Futuna
,238,,EH,,ESH,,,,Western Sahara (formerly Spanish Sahara)
,239,,YE,,YEM,,,,Yemen (Arab Republic)
171,240,ZM,ZM,ZMB,ZMB,-15.49603176,28.23486328,Zambia,Zambia
61,241,ZW,ZW,ZWE,ZWE,-18.88549805,29.79492188,Zimbabwe,Zimbabwe